{
  "developer": {
    "name": "Naveen",
    "tagline": "Frontend Developer & UI/UX Enthusiast",
    "bio": "Passionate frontend developer with 5+ years of experience creating beautiful, responsive web applications. I specialize in React, JavaScript, and modern web technologies.",
    "email": "naveen@email.com",
    "location": "San Francisco, CA"
  },
  "skills": [
    {
      "id": 1,
      "name": "React",
      "category": "Frontend",
      "level": 95
    },
    {
      "id": 2,
      "name": "JavaScript",
      "category": "Language",
      "level": 90
    },
    {
      "id": 3,
      "name": "TypeScript",
      "category": "Language",
      "level": 85
    },
    {
      "id": 4,
      "name": "CSS/SCSS",
      "category": "Styling",
      "level": 90
    },
    {
      "id": 5,
      "name": "Node.js",
      "category": "Backend",
      "level": 80
    },
    {
      "id": 6,
      "name": "GSAP",
      "category": "Animation",
      "level": 85
    },
    {
      "id": 7,
      "name": "Tailwind CSS",
      "category": "Styling",
      "level": 95
    },
    {
      "id": 8,
      "name": "Git",
      "category": "Tools",
      "level": 90
    }
  ],
  "projects": [
    {
      "id": 1,
      "title": "E-Commerce Platform",
      "description": "A modern e-commerce platform built with React and Node.js, featuring real-time inventory management and secure payment processing.",
      "technologies": ["React", "Node.js", "MongoDB", "Stripe"],
      "image": "https://images.pexels.com/photos/230544/pexels-photo-230544.jpeg?auto=compress&cs=tinysrgb&w=800",
      "liveUrl": "https://example-ecommerce.com",
      "githubUrl": "https://github.com/alexchen/ecommerce"
    },
    {
      "id": 2,
      "title": "Task Management App",
      "description": "A collaborative task management application with real-time updates, drag-and-drop functionality, and team collaboration features.",
      "technologies": ["React", "TypeScript", "Firebase", "GSAP"],
      "image": "https://images.pexels.com/photos/1181263/pexels-photo-1181263.jpeg?auto=compress&cs=tinysrgb&w=800",
      "liveUrl": "https://example-tasks.com",
      "githubUrl": "https://github.com/alexchen/task-manager"
    },
    {
      "id": 3,
      "title": "Weather Dashboard",
      "description": "An interactive weather dashboard with beautiful data visualizations, location-based forecasts, and responsive design.",
      "technologies": ["React", "Chart.js", "OpenWeather API", "CSS Grid"],
      "image": "https://images.pexels.com/photos/1118873/pexels-photo-1118873.jpeg?auto=compress&cs=tinysrgb&w=800",
      "liveUrl": "https://example-weather.com",
      "githubUrl": "https://github.com/alexchen/weather-app"
    }
  ]
}